[
	{
		"inputs": [
			{
				"internalType": "string[]",
				"name": "producerData",
				"type": "string[]"
			},
			{
				"internalType": "address",
				"name": "prosumerAddress",
				"type": "address"
			}
		],
		"name": "addProsumer",
		"outputs": [],
		"stateMutability": "nonpayable",
		"type": "function"
	},
	{
		"inputs": [
			{
				"internalType": "address",
				"name": "_producer",
				"type": "address"
			},
			{
				"internalType": "enum EnergyTrading.EnergySource",
				"name": "_esource",
				"type": "uint8"
			},
			{
				"internalType": "enum EnergyTrading.EnergyType",
				"name": "_etype",
				"type": "uint8"
			},
			{
				"internalType": "int256",
				"name": "energyAmount",
				"type": "int256"
			},
			{
				"internalType": "uint256",
				"name": "_price",
				"type": "uint256"
			}
		],
		"name": "editEnergyStore",
		"outputs": [],
		"stateMutability": "nonpayable",
		"type": "function"
	},
	{
		"inputs": [
			{
				"internalType": "uint256",
				"name": "maxPrice",
				"type": "uint256"
			},
			{
				"internalType": "uint256",
				"name": "minPrice",
				"type": "uint256"
			}
		],
		"stateMutability": "nonpayable",
		"type": "constructor"
	},
	{
		"anonymous": false,
		"inputs": [
			{
				"indexed": true,
				"internalType": "address",
				"name": "createrAddr",
				"type": "address"
			},
			{
				"indexed": false,
				"internalType": "int256",
				"name": "energyDelta",
				"type": "int256"
			},
			{
				"indexed": false,
				"internalType": "string",
				"name": "message",
				"type": "string"
			},
			{
				"indexed": true,
				"internalType": "address",
				"name": "prosumerAddr",
				"type": "address"
			}
		],
		"name": "EnergyUpdated",
		"type": "event"
	},
	{
		"anonymous": false,
		"inputs": [
			{
				"indexed": true,
				"internalType": "address",
				"name": "senderAddr",
				"type": "address"
			},
			{
				"indexed": false,
				"internalType": "string",
				"name": "message",
				"type": "string"
			},
			{
				"indexed": false,
				"internalType": "address",
				"name": "for_prosumer",
				"type": "address"
			}
		],
		"name": "Log",
		"type": "event"
	},
	{
		"inputs": [
			{
				"internalType": "string",
				"name": "_order_id",
				"type": "string"
			},
			{
				"internalType": "string",
				"name": "_txn_id",
				"type": "string"
			},
			{
				"internalType": "bool",
				"name": "is_pay_success",
				"type": "bool"
			}
		],
		"name": "payChargingOrder",
		"outputs": [],
		"stateMutability": "nonpayable",
		"type": "function"
	},
	{
		"inputs": [
			{
				"internalType": "string",
				"name": "_order_id",
				"type": "string"
			},
			{
				"internalType": "address",
				"name": "_from_prosumer",
				"type": "address"
			},
			{
				"internalType": "address",
				"name": "_to_prosumer",
				"type": "address"
			},
			{
				"internalType": "uint256",
				"name": "_energy_delta",
				"type": "uint256"
			}
		],
		"name": "placeChargingOrder",
		"outputs": [],
		"stateMutability": "nonpayable",
		"type": "function"
	},
	{
		"inputs": [
			{
				"internalType": "address",
				"name": "_producer",
				"type": "address"
			},
			{
				"internalType": "int256",
				"name": "energyDelta",
				"type": "int256"
			}
		],
		"name": "updateEnergyAmount",
		"outputs": [],
		"stateMutability": "nonpayable",
		"type": "function"
	},
	{
		"inputs": [],
		"name": "getAllOrders",
		"outputs": [
			{
				"components": [
					{
						"internalType": "string",
						"name": "order_id",
						"type": "string"
					},
					{
						"internalType": "address",
						"name": "from_prosumer",
						"type": "address"
					},
					{
						"internalType": "address",
						"name": "to_prosumer",
						"type": "address"
					},
					{
						"internalType": "enum EnergyTrading.OrderStatus",
						"name": "status",
						"type": "uint8"
					},
					{
						"internalType": "string",
						"name": "txn_id",
						"type": "string"
					},
					{
						"internalType": "uint256",
						"name": "total_cost",
						"type": "uint256"
					},
					{
						"internalType": "uint256",
						"name": "energy_amount",
						"type": "uint256"
					},
					{
						"internalType": "enum EnergyTrading.EnergySource",
						"name": "energy_source",
						"type": "uint8"
					},
					{
						"internalType": "enum EnergyTrading.EnergyType",
						"name": "energy_type",
						"type": "uint8"
					},
					{
						"internalType": "enum EnergyTrading.OrderType",
						"name": "order_type",
						"type": "uint8"
					},
					{
						"internalType": "bool",
						"name": "is_exist",
						"type": "bool"
					}
				],
				"internalType": "struct EnergyTrading.Order[]",
				"name": "ordrerList",
				"type": "tuple[]"
			}
		],
		"stateMutability": "view",
		"type": "function"
	},
	{
		"inputs": [],
		"name": "getAllProsumers",
		"outputs": [
			{
				"components": [
					{
						"internalType": "address",
						"name": "prosumer_address",
						"type": "address"
					},
					{
						"internalType": "string",
						"name": "location",
						"type": "string"
					},
					{
						"internalType": "string",
						"name": "geo_location_lat",
						"type": "string"
					},
					{
						"internalType": "string",
						"name": "geo_location_long",
						"type": "string"
					},
					{
						"internalType": "string",
						"name": "id",
						"type": "string"
					},
					{
						"internalType": "string",
						"name": "name",
						"type": "string"
					},
					{
						"internalType": "string",
						"name": "phone",
						"type": "string"
					},
					{
						"internalType": "bool",
						"name": "is_exist",
						"type": "bool"
					}
				],
				"internalType": "struct EnergyTrading.Prosumer[]",
				"name": "prosumerList",
				"type": "tuple[]"
			}
		],
		"stateMutability": "view",
		"type": "function"
	},
	{
		"inputs": [],
		"name": "getAllProsumersWithEnergy",
		"outputs": [
			{
				"components": [
					{
						"internalType": "address",
						"name": "prosumer_address",
						"type": "address"
					},
					{
						"components": [
							{
								"internalType": "address",
								"name": "prosumer_address",
								"type": "address"
							},
							{
								"internalType": "string",
								"name": "location",
								"type": "string"
							},
							{
								"internalType": "string",
								"name": "geo_location_lat",
								"type": "string"
							},
							{
								"internalType": "string",
								"name": "geo_location_long",
								"type": "string"
							},
							{
								"internalType": "string",
								"name": "id",
								"type": "string"
							},
							{
								"internalType": "string",
								"name": "name",
								"type": "string"
							},
							{
								"internalType": "string",
								"name": "phone",
								"type": "string"
							},
							{
								"internalType": "bool",
								"name": "is_exist",
								"type": "bool"
							}
						],
						"internalType": "struct EnergyTrading.Prosumer",
						"name": "prosumer_obj",
						"type": "tuple"
					},
					{
						"components": [
							{
								"internalType": "address",
								"name": "prosumer_address",
								"type": "address"
							},
							{
								"internalType": "enum EnergyTrading.EnergyType",
								"name": "energy_type",
								"type": "uint8"
							},
							{
								"internalType": "enum EnergyTrading.EnergySource",
								"name": "energy_source",
								"type": "uint8"
							},
							{
								"internalType": "int256",
								"name": "amount",
								"type": "int256"
							},
							{
								"internalType": "uint256",
								"name": "price",
								"type": "uint256"
							},
							{
								"internalType": "bool",
								"name": "is_exist",
								"type": "bool"
							}
						],
						"internalType": "struct EnergyTrading.EnergyStore",
						"name": "energy_store_arr",
						"type": "tuple"
					}
				],
				"internalType": "struct EnergyTrading.ProsumerEnergyStoreStruct[]",
				"name": "prosumerList",
				"type": "tuple[]"
			}
		],
		"stateMutability": "view",
		"type": "function"
	},
	{
		"inputs": [
			{
				"internalType": "address",
				"name": "_producer",
				"type": "address"
			}
		],
		"name": "getEnergyStore",
		"outputs": [
			{
				"components": [
					{
						"internalType": "address",
						"name": "prosumer_address",
						"type": "address"
					},
					{
						"internalType": "enum EnergyTrading.EnergyType",
						"name": "energy_type",
						"type": "uint8"
					},
					{
						"internalType": "enum EnergyTrading.EnergySource",
						"name": "energy_source",
						"type": "uint8"
					},
					{
						"internalType": "int256",
						"name": "amount",
						"type": "int256"
					},
					{
						"internalType": "uint256",
						"name": "price",
						"type": "uint256"
					},
					{
						"internalType": "bool",
						"name": "is_exist",
						"type": "bool"
					}
				],
				"internalType": "struct EnergyTrading.EnergyStore",
				"name": "",
				"type": "tuple"
			}
		],
		"stateMutability": "view",
		"type": "function"
	},
	{
		"inputs": [
			{
				"internalType": "string",
				"name": "_order_id",
				"type": "string"
			}
		],
		"name": "getOrder",
		"outputs": [
			{
				"components": [
					{
						"internalType": "string",
						"name": "order_id",
						"type": "string"
					},
					{
						"internalType": "address",
						"name": "from_prosumer",
						"type": "address"
					},
					{
						"internalType": "address",
						"name": "to_prosumer",
						"type": "address"
					},
					{
						"internalType": "enum EnergyTrading.OrderStatus",
						"name": "status",
						"type": "uint8"
					},
					{
						"internalType": "string",
						"name": "txn_id",
						"type": "string"
					},
					{
						"internalType": "uint256",
						"name": "total_cost",
						"type": "uint256"
					},
					{
						"internalType": "uint256",
						"name": "energy_amount",
						"type": "uint256"
					},
					{
						"internalType": "enum EnergyTrading.EnergySource",
						"name": "energy_source",
						"type": "uint8"
					},
					{
						"internalType": "enum EnergyTrading.EnergyType",
						"name": "energy_type",
						"type": "uint8"
					},
					{
						"internalType": "enum EnergyTrading.OrderType",
						"name": "order_type",
						"type": "uint8"
					},
					{
						"internalType": "bool",
						"name": "is_exist",
						"type": "bool"
					}
				],
				"internalType": "struct EnergyTrading.Order",
				"name": "",
				"type": "tuple"
			}
		],
		"stateMutability": "view",
		"type": "function"
	},
	{
		"inputs": [
			{
				"internalType": "address",
				"name": "proAddress",
				"type": "address"
			}
		],
		"name": "getProsumerInfo",
		"outputs": [
			{
				"components": [
					{
						"internalType": "address",
						"name": "prosumer_address",
						"type": "address"
					},
					{
						"internalType": "string",
						"name": "location",
						"type": "string"
					},
					{
						"internalType": "string",
						"name": "geo_location_lat",
						"type": "string"
					},
					{
						"internalType": "string",
						"name": "geo_location_long",
						"type": "string"
					},
					{
						"internalType": "string",
						"name": "id",
						"type": "string"
					},
					{
						"internalType": "string",
						"name": "name",
						"type": "string"
					},
					{
						"internalType": "string",
						"name": "phone",
						"type": "string"
					},
					{
						"internalType": "bool",
						"name": "is_exist",
						"type": "bool"
					}
				],
				"internalType": "struct EnergyTrading.Prosumer",
				"name": "info",
				"type": "tuple"
			}
		],
		"stateMutability": "view",
		"type": "function"
	},
	{
		"inputs": [
			{
				"internalType": "address",
				"name": "_producer",
				"type": "address"
			}
		],
		"name": "getProsumersWithEnergy",
		"outputs": [
			{
				"components": [
					{
						"internalType": "address",
						"name": "prosumer_address",
						"type": "address"
					},
					{
						"components": [
							{
								"internalType": "address",
								"name": "prosumer_address",
								"type": "address"
							},
							{
								"internalType": "string",
								"name": "location",
								"type": "string"
							},
							{
								"internalType": "string",
								"name": "geo_location_lat",
								"type": "string"
							},
							{
								"internalType": "string",
								"name": "geo_location_long",
								"type": "string"
							},
							{
								"internalType": "string",
								"name": "id",
								"type": "string"
							},
							{
								"internalType": "string",
								"name": "name",
								"type": "string"
							},
							{
								"internalType": "string",
								"name": "phone",
								"type": "string"
							},
							{
								"internalType": "bool",
								"name": "is_exist",
								"type": "bool"
							}
						],
						"internalType": "struct EnergyTrading.Prosumer",
						"name": "prosumer_obj",
						"type": "tuple"
					},
					{
						"components": [
							{
								"internalType": "address",
								"name": "prosumer_address",
								"type": "address"
							},
							{
								"internalType": "enum EnergyTrading.EnergyType",
								"name": "energy_type",
								"type": "uint8"
							},
							{
								"internalType": "enum EnergyTrading.EnergySource",
								"name": "energy_source",
								"type": "uint8"
							},
							{
								"internalType": "int256",
								"name": "amount",
								"type": "int256"
							},
							{
								"internalType": "uint256",
								"name": "price",
								"type": "uint256"
							},
							{
								"internalType": "bool",
								"name": "is_exist",
								"type": "bool"
							}
						],
						"internalType": "struct EnergyTrading.EnergyStore",
						"name": "energy_store_arr",
						"type": "tuple"
					}
				],
				"internalType": "struct EnergyTrading.ProsumerEnergyStoreStruct",
				"name": "",
				"type": "tuple"
			}
		],
		"stateMutability": "view",
		"type": "function"
	},
	{
		"inputs": [
			{
				"internalType": "uint256",
				"name": "",
				"type": "uint256"
			}
		],
		"name": "orderIndex",
		"outputs": [
			{
				"internalType": "string",
				"name": "",
				"type": "string"
			}
		],
		"stateMutability": "view",
		"type": "function"
	},
	{
		"inputs": [
			{
				"internalType": "uint256",
				"name": "",
				"type": "uint256"
			}
		],
		"name": "prosumerAddressIndex",
		"outputs": [
			{
				"internalType": "address",
				"name": "",
				"type": "address"
			}
		],
		"stateMutability": "view",
		"type": "function"
	}
]
